{
  "player": [],
  "base": [
    {
      "name": "Zone A",
      "playerapeons": 10,
      "playerbpeons": 10,
      "zone": [
        [
          2.397825121879578,
          48.84821785065807
        ],
        [
          2.396703958511353,
          48.84831492797302
        ],
        [
          2.3967120051383977,
          48.848426125393445
        ],
        [
          2.3966851830482487,
          48.84852143727156
        ],
        [
          2.396644949913025,
          48.84859733363732
        ],
        [
          2.3965886235237126,
          48.84867499491578
        ],
        [
          2.3965162038803105,
          48.84873677084672
        ],
        [
          2.3964223265647893,
          48.84879148660763
        ],
        [
          2.3963150382041936,
          48.848844437287056
        ],
        [
          2.3969614505767822,
          48.849534556021595
        ],
        [
          2.397379875183106,
          48.849354525964365
        ],
        [
          2.397653460502625,
          48.849121544929446
        ],
        [
          2.397798299789429,
          48.848877972688406
        ],
        [
          2.3978948593139653,
          48.84862380908669
        ],
        [
          2.3978841304779057,
          48.848415535173544
        ],
        [
          2.397825121879578,
          48.84821785065807
        ]
      ]
    }

  ],
  "peon":[],
  "spot":[]
}